words,slug,cluster
3161,do-you-need-an-app-to-sell,comparisons
2981,how-to-photograph-jewellery,product-craft
2963,starting-a-candle-business,niches
2960,what-should-i-sell-online,niches
2904,vat-and-invoicing-anxiety,admin
2871,rider-handovers-and-cash-reconciliation,shipping
2854,do-you-need-to-register-your-business,admin
2821,how-to-take-payment-as-a-small-seller,getting-paid
2815,selling-toys-and-kids-clothes,niches
2804,selling-to-a-group-chat,selling-channels
2786,selling-on-social-media-without-a-website,selling-channels
2738,what-to-put-in-the-box,shipping
2728,turning-an-audience-into-income,creator-economy
2727,selling-shoes-and-sneakers,niches
2719,how-to-sell-files-and-time-online,digital-and-services
2700,getting-your-first-ten-orders,growth
2686,qr-codes-that-actually-get-scanned,selling-channels
2648,building-trust-before-money-moves,trust
2645,getting-paid-for-a-custom-order,getting-paid
2640,handling-returns-without-a-warehouse,shipping
2627,privacy-and-what-you-do-with-buyer-data,trust
2624,invoices-that-get-paid,admin
2607,selling-crochet-and-knitwear,niches
2604,refunding-on-a-manual-payment-rail,getting-paid
2603,what-to-do-when-dms-get-out-of-hand,selling-channels
2589,selling-perfume-and-oils,niches
2583,taking-orders-in-the-comments-and-dms-together,selling-channels
2577,getting-paid-by-a-business-not-a-person,getting-paid
2568,shipping-fragile-things,shipping
2558,how-to-photograph-what-you-sell,product-craft
2545,starting-a-thrift-flip-business,niches
2540,selling-coffee-and-small-batch-food,niches
2540,running-a-cleaning-or-repair-service,niches
2533,selling-art-and-prints,niches
2529,updating-a-file-people-already-bought,digital-and-services
2518,taking-a-deposit-before-you-start,getting-paid
2511,when-to-raise-your-prices,product-craft
2500,link-in-bio-tools-compared,comparisons
2497,rescheduling-and-cancellations,digital-and-services
2496,selling-hair-and-wigs,niches
2493,why-your-audience-does-not-buy,creator-economy
2486,what-to-do-about-a-partial-payment,getting-paid
2484,selling-digital-art-and-commissions,niches
2483,selling-second-hand-electronics,niches
2477,payment-links-explained,getting-paid
2471,keeping-track-of-who-has-paid,getting-paid
2470,what-to-do-when-you-cannot-fulfil,trust
2462,selling-templates-and-presets,digital-and-services
2462,selling-furniture-you-restore,niches
2459,writing-a-refund-policy-people-trust,trust
2452,how-to-run-a-giveaway-that-sells,social-platforms
2442,selling-stationery-and-planners,niches
2442,selling-consultations-by-the-hour,digital-and-services
2436,how-to-get-repeat-buyers,growth
2433,how-to-price-your-first-paid-offer,creator-economy
2431,selling-books-and-zines,niches
2428,reels-that-actually-sell-something,social-platforms
2424,what-to-do-about-a-chargeback,trust
2424,tutoring-and-selling-your-hours,niches
2422,selling-photography-as-a-service,niches
2421,keeping-records-when-you-hate-paperwork,admin
2413,how-much-to-pay-yourself,admin
2409,how-to-handle-an-angry-customer,trust
2408,what-to-do-when-a-platform-bans-you,social-platforms
2399,choosing-a-courier-you-can-trust,shipping
2380,what-a-good-product-photo-background-looks-like,product-craft
2380,splitting-payment-across-two-methods,getting-paid
2378,selling-party-and-event-supplies,niches
2375,writing-a-bio-that-sells,product-craft
2373,asking-customers-for-referrals,growth
2372,selling-groceries-and-produce,niches
2366,proving-you-are-a-real-seller,trust
2360,bundling-digital-products,digital-and-services
2358,selling-handmade-jewellery-online,niches
2356,what-happens-if-a-tool-shuts-down,comparisons
2355,print-on-demand-without-the-hype,niches
2350,selling-online-in-india,markets
2350,selling-fitness-plans,niches
2348,what-receipts-to-keep-and-for-how-long,admin
2348,how-many-products-should-you-launch-with,product-craft
2344,dealing-with-fake-orders-and-time-wasters,trust
2341,taking-photos-with-just-a-phone,product-craft
2339,how-to-start-selling-baked-goods,niches
2335,packing-orders-faster,shipping
2331,selling-thrift-and-vintage-clothes,niches
2331,how-to-price-what-you-make,product-craft
2330,what-conversion-rate-should-you-expect,growth
2325,how-to-apologise-and-keep-the-customer,trust
2322,setting-expectations-before-the-sale,trust
2320,selling-offline-and-online-at-once,selling-channels
2315,what-to-do-when-nobody-is-buying,growth
2314,the-creator-middle-class,creator-economy
2314,delivering-large-files-to-buyers,digital-and-services
2313,what-to-do-when-a-post-goes-viral,creator-economy
2313,selling-on-threads-and-x,social-platforms
2312,how-to-run-a-discount-without-losing-money,growth
2311,packaging-that-survives-the-courier,product-craft
2308,how-to-know-a-bank-transfer-actually-arrived,getting-paid
2302,what-trends-are-worth-chasing,seasonal
2302,selling-online-in-ghana,markets
2301,how-to-use-telegram-to-take-orders,social-platforms
2298,when-a-side-hustle-becomes-a-business,admin
2297,what-to-sell-when-you-have-no-product,creator-economy
2297,how-to-handle-sizes-and-variants,product-craft
2294,how-to-sell-home-cooked-food,niches
2293,selling-plants-without-killing-them,niches
2289,when-to-say-no-to-a-customer,trust
2289,how-to-name-your-products,product-craft
2280,selling-online-in-indonesia,markets
2279,working-out-if-you-are-actually-profitable,admin
2273,what-to-do-about-tax-on-online-sales,admin
2272,youtube-descriptions-that-drive-orders,social-platforms
2263,selling-online-in-south-africa,markets
2263,selling-on-facebook-groups,social-platforms
2263,building-a-catalogue-people-can-scan,product-craft
2257,selling-a-newsletter-or-paid-community,digital-and-services
2250,running-a-small-cake-business,niches
2248,selling-through-instagram-stories,social-platforms
2247,what-a-storefront-should-load-like-on-3g,comparisons
2246,how-to-collect-reviews-that-convince,growth
2242,turning-one-customer-into-three,growth
2242,insurance-and-what-can-go-wrong,admin
2240,selling-during-ramadan,seasonal
2240,planning-a-year-of-drops,seasonal
2239,when-a-trend-dies-mid-order,seasonal
2238,brand-deals-versus-selling-your-own-thing,creator-economy
2237,how-to-sell-on-tiktok-without-tiktok-shop,social-platforms
2234,what-to-say-when-a-buyer-says-they-paid,getting-paid
2232,the-first-thousand-dollars-online,creator-economy
2228,cash-on-delivery-for-small-sellers,getting-paid
2227,turning-instagram-dms-into-orders,selling-channels
2226,when-a-marketplace-beats-your-own-shop,selling-channels
2225,memberships-versus-one-off-sales,creator-economy
2222,back-to-school-selling,seasonal
2221,selling-across-borders-for-the-first-time,markets
2215,when-to-spend-money-on-ads,growth
2211,starting-a-small-beauty-brand,niches
2210,black-friday-for-very-small-shops,seasonal
2209,when-shopify-is-the-right-answer,comparisons
2209,moving-off-a-platform-without-losing-customers,comparisons
2203,do-you-need-card-payments-to-sell-online,getting-paid
2201,how-to-take-orders-on-whatsapp,selling-channels
2200,selling-a-course-without-a-course-platform,digital-and-services
2197,turning-free-content-into-a-paid-offer,creator-economy
2195,offering-a-free-sample-of-a-paid-file,digital-and-services
2193,end-of-year-stock-clearing,seasonal
2191,what-to-do-when-a-parcel-goes-missing,shipping
2189,free-versus-paid-selling-tools,comparisons
2187,posting-the-same-thing-everywhere,social-platforms
2187,how-to-follow-up-without-being-annoying,growth
2184,one-link-for-every-platform,selling-channels
2183,selling-in-a-currency-that-moves,markets
2182,selling-in-comments-without-losing-track,selling-channels
2182,how-to-shoot-a-product-video,product-craft
2177,testing-a-product-before-you-make-it,growth
2177,how-tiktok-live-selling-works,social-platforms
2175,algorithms-change-your-link-does-not,social-platforms
2174,new-year-restart-for-a-stalled-shop,seasonal
2174,handling-a-bad-review,trust
2173,building-a-waiting-list-for-a-drop,growth
2172,what-to-look-for-in-a-selling-link,comparisons
2170,how-to-read-your-own-numbers,growth
2169,using-customer-photos-to-sell,growth
2166,photographing-clothes-without-a-model,product-craft
2162,you-do-not-need-100k-followers,creator-economy
2161,how-to-work-out-delivery-charges,shipping
2157,what-a-good-first-message-looks-like,growth
2151,marketplace-fees-compared,comparisons
2148,pricing-a-digital-product-for-the-first-time,digital-and-services
2146,selling-to-gulf-customers,markets
2145,mothers-day-and-the-delivery-cliff,seasonal
2140,shipping-internationally-for-the-first-time,shipping
2138,how-to-write-an-order-confirmation,trust
2137,the-quiet-months-and-what-to-do,growth
2131,answering-messages-when-you-are-asleep,trust
2129,when-to-move-from-free-to-paid,comparisons
2128,stopping-people-sharing-your-paid-files,digital-and-services
2126,selling-during-a-festival-rush,seasonal
2125,delivering-locally-without-a-courier,shipping
2115,owning-your-customer-list,comparisons
2110,delivery-times-you-can-actually-promise,shipping
2103,what-to-put-in-your-bio-link,selling-channels
2098,pricing-for-a-market-that-haggles,markets
2094,separating-business-and-personal-money,admin
2093,writing-terms-people-will-actually-read,admin
2093,finding-out-why-people-abandon,growth
2092,how-to-launch-to-a-small-list,creator-economy
2091,how-often-should-you-post-about-your-product,creator-economy
2087,valentines-day-for-small-sellers,seasonal
2085,selling-online-in-kenya,markets
2079,selling-online-in-the-philippines,markets
2075,writing-product-descriptions-that-sell,product-craft
2075,what-buyers-expect-in-different-countries,markets
2074,how-to-sell-pdfs-without-a-website,digital-and-services
2073,what-a-commission-actually-costs-you,comparisons
2073,christmas-orders-without-the-chaos,seasonal
2071,selling-without-feeling-like-a-salesperson,creator-economy
2071,selling-online-in-the-uk,markets
2066,using-whatsapp-channels-to-sell,social-platforms
2065,how-to-take-bookings-for-a-service,digital-and-services
2064,which-platform-should-you-actually-sell-on,social-platforms
2063,selling-online-in-pakistan,markets
2063,selling-on-pinterest-without-a-shop,social-platforms
2062,selling-online-in-nigeria,markets
2057,how-payment-fees-eat-a-small-order,getting-paid
2056,how-to-get-found-on-google-as-a-small-seller,growth
2052,building-an-email-list-without-a-website,creator-economy
2047,what-creators-get-wrong-about-funnels,creator-economy
2041,selling-to-people-who-already-know-you,growth
2024,should-you-offer-free-delivery,shipping
2017,how-to-know-which-product-to-push,growth
2012,why-cash-on-delivery-dominates-some-markets,markets
350,why-your-link-in-bio-is-costing-you-sales,selling-channels
285,what-to-photograph-when-you-sell-food,product-craft
